{"one": [4.449605941772461, 0.5183219909667969, 0.5123615264892578, 0.5166530609130859, 0.5156993865966797, 0.5152225494384766, 0.5145072937011719, 0.5154609680175781, 0.5156993865966797, 1.5990734100341797, 1.598358154296875, 1.5988349914550781, 1.5947818756103516, 1.5978813171386719, 1.6012191772460938, 1.5964508056640625, 1.6002655029296875, 0.5147457122802734, 0.5147457122802734, 1.6002655029296875, 1.596212387084961, 0.5056858062744141, 0.5140304565429688, 0.5178451538085938, 0.5176067352294922, 1.5993118286132812, 1.5988349914550781, 0.5152225494384766, 0.5161762237548828, 1.5990734100341797, 1.6248226165771484, 1.5976428985595703, 1.5978813171386719, 39.560556411743164, 2.1767616271972656, 96.36592864990234, 2.20489501953125, 96.37141227722168, 2.179384231567383], 
"two": [4.44793701171875, 0.5137920379638672, 0.5142688751220703, 0.5176067352294922, 0.5159378051757812, 0.5114078521728516, 0.5159378051757812, 0.5133152008056641, 0.5135536193847656, 1.596212387084961, 1.5950202941894531, 1.5978813171386719, 1.5981197357177734, 1.5978813171386719, 1.5990734100341797, 1.5981197357177734, 1.5978813171386719, 0.5171298980712891, 0.5152225494384766, 0.5156993865966797, 1.5969276428222656, 1.6009807586669922, 0.5159378051757812, 0.5154609680175781, 0.5178451538085938, 1.600503921508789, 1.5969276428222656, 1.5971660614013672, 0.5152225494384766, 0.514984130859375, 1.5978813171386719, 1.5957355499267578, 1.5959739685058594]}