{"1": [4.474401473999023, 0.5402565002441406, 0.537872314453125, 0.5397796630859375, 0.5383491516113281, 0.5390644073486328, 0.5402565002441406, 0.5385875701904297, 0.5393028259277344, 1.621246337890625, 1.6226768493652344, 1.6226768493652344, 1.596689224243164, 1.596212387084961, 1.6210079193115234, 1.623392105102539, 1.6238689422607422, 0.5424022674560547, 0.5426406860351562, 1.6200542449951172, 1.6226768493652344, 0.5373954772949219, 0.54168701171875, 0.5414485931396484, 0.5414485931396484, 1.6224384307861328, 1.6224384307861328, 0.5409717559814453, 0.5428791046142578, 1.6262531280517578, 1.6262531280517578, 1.6257762908935547, 1.6226768493652344, 39.58725929260254, 2.227306365966797], "2": [4.479408264160156, 0.5159378051757812, 0.5400180816650391, 0.5125999450683594, 0.5173683166503906, 0.5164146423339844, 0.5135536193847656, 0.514984130859375, 0.5383491516113281, 1.621246337890625, 1.6238689422607422, 1.596689224243164, 1.6245841979980469, 1.5990734100341797, 1.6243457794189453, 1.6219615936279297, 1.6226768493652344, 0.5373954772949219, 0.5166530609130859, 0.5414485931396484, 1.5976428985595703, 1.6224384307861328, 0.5424022674560547, 0.5397796630859375, 0.5147457122802734, 1.59454345703125, 1.6255378723144531, 1.5995502471923828, 0.5373954772949219, 0.5407333374023438, 1.5976428985595703, 1.6243457794189453, 1.5990734100341797, 39.5655632019043, 2.2034645080566406], "3": [4.449367523193359, 0.5147457122802734, 0.5395412445068359, 0.5393028259277344, 0.5402565002441406, 0.5171298980712891, 0.5393028259277344, 0.5135536193847656, 0.5400180816650391, 1.5974044799804688, 1.5988349914550781, 1.6222000122070312, 1.6236305236816406, 1.5974044799804688, 1.6207695007324219, 1.6252994537353516, 1.6238689422607422, 0.5133152008056641, 1.62506103515625, 1.5976428985595703, 1.5993118286132812, 1.623392105102539, 0.5156993865966797, 1.6219615936279297, 0.5402565002441406, 1.623392105102539, 0.5240440368652344, 0.5395412445068359, 0.5395412445068359, 0.5152225494384766, 1.6243457794189453, 0.5388259887695312, 1.5985965728759766, 39.56413269042969, 2.179861068725586], "4": [4.474878311157227, 0.5393028259277344, 0.5173683166503906, 0.5216598510742188, 0.5171298980712891, 0.5145072937011719, 0.5419254302978516, 0.5388259887695312, 0.5397796630859375, 1.5993118286132812, 1.6222000122070312, 1.6252994537353516, 1.6236305236816406, 1.5974044799804688, 1.6222000122070312, 1.5981197357177734, 1.6222000122070312, 0.5412101745605469, 0.514984130859375, 0.5404949188232422, 1.5974044799804688, 0.5147457122802734, 0.5397796630859375, 0.5395412445068359, 0.5407333374023438, 1.623392105102539, 1.5981197357177734, 1.6219615936279297, 0.5431175231933594, 1.5981197357177734, 1.5974044799804688, 1.5969276428222656, 1.6219615936279297, 39.563655853271484, 2.2013187408447266], "5": [4.450798034667969, 0.5156993865966797, 0.5402565002441406, 0.5404949188232422, 0.5397796630859375, 0.514984130859375, 0.5388259887695312, 0.5145072937011719, 0.5118846893310547, 1.623392105102539, 1.623392105102539, 1.596689224243164, 1.6222000122070312, 1.621246337890625, 1.6222000122070312, 1.6222000122070312, 1.6231536865234375, 0.5412101745605469, 0.5161762237548828, 1.6231536865234375, 1.600503921508789, 1.600027084350586, 0.5381107330322266, 0.5123615264892578, 0.5390644073486328, 1.5995502471923828, 1.6224384307861328, 0.5393028259277344, 0.5393028259277344, 0.5393028259277344, 1.6236305236816406, 1.5952587127685547, 1.6224384307861328, 39.603471755981445, 2.2017955780029297], "6": [4.451513290405273, 0.5156993865966797, 0.5419254302978516, 0.5383491516113281, 0.5388259887695312, 0.5145072937011719, 0.5414485931396484, 0.5397796630859375, 0.5404949188232422, 1.5978813171386719, 1.6243457794189453, 1.6248226165771484, 1.596212387084961, 1.6198158264160156, 1.6238689422607422, 1.6245841979980469, 1.6219615936279297, 0.5133152008056641, 1.6217231750488281, 0.5128383636474609, 1.596212387084961, 1.6238689422607422, 0.5164146423339844, 1.5969276428222656, 0.5161762237548828, 1.5990734100341797, 0.5373954772949219, 1.6241073608398438, 0.5142688751220703, 0.5397796630859375, 1.6205310821533203, 0.5397796630859375, 1.5952587127685547, 39.5965576171875, 2.2034645080566406]}