{"1": [4.477262496948242, 0.5400180816650391, 0.5395412445068359, 0.5414485931396484, 0.51116943359375, 0.5400180816650391, 0.5397796630859375, 0.5404949188232422, 0.5381107330322266, 1.623392105102539, 1.6222000122070312, 1.6231536865234375, 1.59454345703125, 1.6217231750488281, 1.6236305236816406, 1.6238689422607422, 1.6207695007324219, 0.5359649658203125, 0.5421638488769531, 1.6248226165771484, 1.6236305236816406, 0.5381107330322266, 0.5409717559814453, 0.5388259887695312, 0.5376338958740234, 1.6222000122070312, 1.6231536865234375, 0.5388259887695312, 0.5409717559814453, 1.5969276428222656, 1.6217231750488281, 1.5947818756103516, 1.6257762908935547, 39.587974548339844, 2.2008419036865234], "2": [4.452705383300781, 0.5414485931396484, 0.5393028259277344, 0.5383491516113281, 0.5373954772949219, 0.5383491516113281, 0.5412101745605469, 0.5369186401367188, 0.5407333374023438, 1.6243457794189453, 1.5964508056640625, 1.6252994537353516, 1.6210079193115234, 1.6222000122070312, 1.596689224243164, 1.596212387084961, 1.596689224243164, 0.5388259887695312, 0.5147457122802734, 0.5166530609130859, 1.5985965728759766, 1.6200542449951172, 0.5383491516113281, 0.5393028259277344, 0.5140304565429688, 1.5990734100341797, 1.6245841979980469, 1.5997886657714844, 0.5421638488769531, 0.5407333374023438, 1.6224384307861328, 1.5985965728759766, 1.6224384307861328, 39.58010673522949, 2.202749252319336], "3": [4.449605941772461, 0.5376338958740234, 0.5397796630859375, 0.5397796630859375, 0.54168701171875, 0.5409717559814453, 0.5404949188232422, 0.5383491516113281, 0.5404949188232422, 1.622915267944336, 1.6243457794189453, 1.6245841979980469, 1.62506103515625, 1.6217231750488281, 1.6241073608398438, 1.6222000122070312, 1.6219615936279297, 0.5400180816650391, 1.6236305236816406, 1.6224384307861328, 1.621246337890625, 1.6219615936279297, 0.5388259887695312, 1.6245841979980469, 0.5414485931396484, 1.6200542449951172, 0.54168701171875, 0.5390644073486328, 0.5390644073486328, 0.5381107330322266, 1.6224384307861328, 0.54168701171875, 1.5952587127685547, 39.59512710571289, 2.203226089477539], "4": [4.474639892578125, 0.54168701171875, 0.5404949188232422, 0.5376338958740234, 0.5140304565429688, 0.5414485931396484, 0.5393028259277344, 0.5373954772949219, 0.5402565002441406, 1.6214847564697266, 1.6205310821533203, 1.6210079193115234, 1.598358154296875, 1.5974044799804688, 1.5978813171386719, 1.6222000122070312, 1.623392105102539, 0.5395412445068359, 0.5402565002441406, 0.5381107330322266, 1.6214847564697266, 0.5412101745605469, 0.5407333374023438, 0.5390644073486328, 0.5142688751220703, 1.6245841979980469, 1.5997886657714844, 1.622915267944336, 0.5412101745605469, 1.6248226165771484, 1.6226768493652344, 1.6224384307861328, 1.5971660614013672, 39.56747055053711, 2.202272415161133], "5": [4.475831985473633, 0.5156993865966797, 0.5424022674560547, 0.5383491516113281, 0.5135536193847656, 0.5402565002441406, 0.5357265472412109, 0.5404949188232422, 0.5156993865966797, 1.6210079193115234, 1.6207695007324219, 1.6241073608398438, 1.5988349914550781, 1.6214847564697266, 1.6217231750488281, 1.6207695007324219, 1.5995502471923828, 0.5371570587158203, 0.5407333374023438, 1.6214847564697266, 1.6226768493652344, 1.6222000122070312, 0.5397796630859375, 0.5185604095458984, 0.5137920379638672, 1.6222000122070312, 1.6255378723144531, 0.5402565002441406, 0.5433559417724609, 0.537872314453125, 1.5981197357177734, 1.6224384307861328, 1.5954971313476562, 39.676666259765625, 2.202749252319336], "6": [4.474163055419922, 0.5383491516113281, 0.5395412445068359, 0.5350112915039062, 0.5397796630859375, 0.5118846893310547, 0.5347728729248047, 0.5362033843994141, 0.5388259887695312, 1.6207695007324219, 1.596689224243164, 1.5957355499267578, 1.5969276428222656, 1.5950202941894531, 1.5990734100341797, 1.6222000122070312, 1.5971660614013672, 0.5383491516113281, 1.6198158264160156, 0.5381107330322266, 1.6217231750488281, 1.6217231750488281, 0.5156993865966797, 1.6217231750488281, 0.5385875701904297, 1.5952587127685547, 0.5352497100830078, 1.596689224243164, 0.5354881286621094, 0.5369186401367188, 1.6205310821533203, 0.5400180816650391, 1.6183853149414062, 39.59035873413086, 2.203702926635742]}